<?xml version="1.0" encoding="UTF-8"?>
<project-private xmlns="http://www.netbeans.org/ns/project-private/1">
    <editor-bookmarks xmlns="http://www.netbeans.org/ns/editor-bookmarks/2" lastBookmarkId="0"/>
    <open-files xmlns="http://www.netbeans.org/ns/projectui-open-files/2">
        <group>
            <file>file:/C:/Users/mario/Desktop/GitHub/reseaux_de_terrain_PROJET/Projet/oneWire.c</file>
            <file>file:/C:/Users/mario/Desktop/GitHub/reseaux_de_terrain_PROJET/Projet/i2c.h</file>
            <file>file:/C:/Users/mario/Desktop/GitHub/reseaux_de_terrain_PROJET/Projet/oneWire.h</file>
            <file>file:/C:/Users/mario/Desktop/GitHub/reseaux_de_terrain_PROJET/Projet/spi.c</file>
            <file>file:/C:/Users/mario/Desktop/GitHub/reseaux_de_terrain_PROJET/Projet/can.h</file>
            <file>file:/C:/Users/mario/Desktop/GitHub/reseaux_de_terrain_PROJET/Projet/spi.h</file>
            <file>file:/C:/Users/mario/Desktop/GitHub/reseaux_de_terrain_PROJET/Projet/i2c.c</file>
            <file>file:/C:/Users/mario/Desktop/GitHub/reseaux_de_terrain_PROJET/Projet/eep_spi.c</file>
            <file>file:/C:/Users/mario/Desktop/GitHub/reseaux_de_terrain_PROJET/Projet/main.h</file>
            <file>file:/C:/Users/mario/Desktop/GitHub/reseaux_de_terrain_PROJET/Projet/can.c</file>
            <file>file:/C:/Users/mario/Desktop/GitHub/reseaux_de_terrain_PROJET/Projet/eep_spi.h</file>
            <file>file:/C:/Users/mario/Desktop/GitHub/reseaux_de_terrain_PROJET/Projet/afficheur.c</file>
            <file>file:/C:/Users/mario/Desktop/GitHub/reseaux_de_terrain_PROJET/Projet/afficheur.h</file>
            <file>file:/C:/Users/mario/Desktop/GitHub/reseaux_de_terrain_PROJET/Projet/main.c</file>
        </group>
    </open-files>
</project-private>
